,Links
0,https://www.veromoda.in/fashion-vm/fashion-outerwear-vm/fashion-outerwear-vm-jacket/254618501-rose-dust
1,https://www.veromoda.in/fashion-vm/fashion-outerwear-vm/fashion-outerwear-vm-jacket/254618502-peat
2,https://www.veromoda.in/fashion-vm/fashion-outerwear-vm/fashion-outerwear-vm-jacket/254765301-chili-oil
3,https://www.veromoda.in/fashion-vm/fashion-outerwear-vm/fashion-outerwear-vm-jacket/254765304-navy-blazer
4,https://www.veromoda.in/fashion-vm/fashion-outerwear-vm/fashion-outerwear-vm-jacket/255443902-port-royale
5,https://www.veromoda.in/fashion-vm/fashion-outerwear-vm/fashion-outerwear-vm-jacket/255443903-sea-moss
6,https://www.veromoda.in/fashion-vm/fashion-outerwear-vm/fashion-outerwear-vm-jacket/255444201-mineral-gray
7,https://www.veromoda.in/fashion-vm/fashion-outerwear-vm/fashion-outerwear-vm-jacket/255444202-rose-dust
8,https://www.veromoda.in/fashion-vm/fashion-outerwear-vm/fashion-outerwear-vm-jacket/255456603-safari
9,https://www.veromoda.in/fashion-vm/fashion-outerwear-vm/fashion-outerwear-vm-jacket/255693601-oatmeal
10,https://www.veromoda.in/fashion-vm/fashion-outerwear-vm/fashion-outerwear-vm-jacket/255693602-tigers-eye
11,https://www.veromoda.in/fashion-vm/fashion-outerwear-vm/fashion-outerwear-vm-jacket/253165701-chili-oil
12,https://www.veromoda.in/fashion-vm/fashion-outerwear-vm/fashion-outerwear-vm-jacket/254618401-chili-oil
13,https://www.veromoda.in/fashion-vm/fashion-outerwear-vm/fashion-outerwear-vm-jacket/117687701-zephyr
14,https://www.veromoda.in/fashion-vm/fashion-outerwear-vm/fashion-outerwear-vm-jacket/117687802-tan
15,https://www.veromoda.in/fashion-vm/fashion-outerwear-vm/fashion-outerwear-vm-jacket/117688001-black
16,https://www.veromoda.in/fashion-vm/fashion-outerwear-vm/fashion-outerwear-vm-jacket/254765303-chai-tea
17,https://www.veromoda.in/fashion-vm/fashion-outerwear-vm/fashion-outerwear-vm-jacket/255418901-black
18,https://www.veromoda.in/fashion-vm/fashion-outerwear-vm/fashion-outerwear-vm-jacket/117687901-auburn
19,https://www.veromoda.in/fashion-vm/fashion-outerwear-vm/fashion-outerwear-vm-jacket/231498405-ivy-green
20,https://www.veromoda.in/fashion-vm/fashion-outerwear-vm/fashion-outerwear-vm-jacket/210156803-birch
21,https://www.veromoda.in/fashion-vm/fashion-outerwear-vm/fashion-outerwear-vm-jacket/210156806-surf-the-web
22,https://www.veromoda.in/fashion-vm/fashion-outerwear-vm/fashion-outerwear-vm-jacket/210156807-pink-peacock
23,https://www.veromoda.in/fashion-vm/fashion-outerwear-vm/fashion-outerwear-vm-jacket/231498402-navy-blazer
24,https://www.veromoda.in/fashion-vm/fashion-outerwear-vm/fashion-outerwear-vm-jacket/255692701-sepia-tint
25,https://www.veromoda.in/fashion-vm/fashion-outerwear-vm/fashion-outerwear-vm-jacket/255694001-dark-grey-melange
26,https://www.veromoda.in/fashion-vm/fashion-outerwear-vm/fashion-outerwear-vm-jacket/269598901-arabian-spice
27,https://www.veromoda.in/fashion-vm/fashion-outerwear-vm/fashion-outerwear-vm-jacket/167784703-old-rose
28,https://www.veromoda.in/fashion-vm/fashion-outerwear-vm/fashion-outerwear-vm-jacket/252385801-black
29,https://www.veromoda.in/fashion-vm/fashion-outerwear-vm/fashion-outerwear-vm-jacket/252385802-bungee-cord
30,https://www.veromoda.in/fashion-vm/fashion-outerwear-vm/fashion-outerwear-vm-jacket/252385904-black
31,https://www.veromoda.in/fashion-vm/fashion-outerwear-vm/fashion-outerwear-vm-jacket/253165702-cognac
32,https://www.veromoda.in/fashion-vm/fashion-outerwear-vm/fashion-outerwear-vm-jacket/257425501-black
33,https://www.veromoda.in/fashion-vm/fashion-outerwear-vm/fashion-outerwear-vm-jacket/146651701-navy-blazer
34,https://www.veromoda.in/fashion-vm/fashion-outerwear-vm/fashion-outerwear-vm-jacket/146651702-port-royale
35,https://www.veromoda.in/fashion-vm/fashion-outerwear-vm/fashion-outerwear-vm-jacket/215305402-bungee-cord
36,https://www.veromoda.in/fashion-vm/fashion-outerwear-vm/fashion-outerwear-vm-jacket/215305405-chai-tea
37,https://www.veromoda.in/fashion-vm/fashion-outerwear-vm/fashion-outerwear-vm-jacket/215305406-cognac
38,https://www.veromoda.in/fashion-vm/fashion-outerwear-vm/fashion-outerwear-vm-jacket/231498404-silver-pink
39,https://www.veromoda.in/fashion-vm/fashion-outerwear-vm/fashion-outerwear-vm-jacket/252385901-birch
40,https://www.veromoda.in/fashion-vm/fashion-outerwear-vm/fashion-outerwear-vm-jacket/215305403-chili-oil
41,https://www.veromoda.in/fashion-vm/fashion-outerwear-vm/fashion-outerwear-vm-jacket/217428301-ivy-green
42,https://www.veromoda.in/fashion-vm/fashion-outerwear-vm/fashion-outerwear-vm-jacket/217428402-misty-rose
43,https://www.veromoda.in/fashion-vm/fashion-outerwear-vm/fashion-outerwear-vm-jacket/213142302-peat
44,https://www.veromoda.in/fashion-vm/fashion-outerwear-vm/fashion-outerwear-vm-jacket/213142303-safari
45,https://www.veromoda.in/fashion-vm/fashion-outerwear-vm/fashion-outerwear-vm-jacket/213142304-old-rose
46,https://www.veromoda.in/fashion-vm/fashion-outerwear-vm/fashion-outerwear-vm-jacket/214861502-sea-moss
47,https://www.veromoda.in/fashion-vm/fashion-outerwear-vm/fashion-outerwear-vm-jacket/214861503-port-royale
48,https://www.veromoda.in/fashion-vm/fashion-outerwear-vm/fashion-outerwear-vm-jacket/217428401-ivy-green
49,https://www.veromoda.in/fashion-vm/fashion-outerwear-vm/fashion-outerwear-vm-jacket/215305404-birch
50,https://www.veromoda.in/fashion-vm/fashion-outerwear-vm/fashion-outerwear-vm-jacket/252385803-chili-oil
51,https://www.veromoda.in/fashion-vm/fashion-outerwear-vm/fashion-outerwear-vm-jacket/252385902-rose-dust
52,https://www.veromoda.in/fashion-vm/fashion-outerwear-vm/fashion-outerwear-vm-jacket/255443901-bungee-cord
53,https://www.veromoda.in/fashion-vm/fashion-outerwear-vm/fashion-outerwear-vm-jacket/117688002-tan
54,https://www.veromoda.in/fashion-vm/fashion-outerwear-vm/fashion-outerwear-vm-jacket/255693901-oatmeal
55,https://www.veromoda.in/fashion-vm/fashion-outerwear-vm/fashion-outerwear-vm-jacket/268610101-peat
56,https://www.veromoda.in/fashion-vm/fashion-outerwear-vm/fashion-outerwear-vm-jacket/193895501-scuba-blue
57,https://www.veromoda.in/fashion-vm/fashion-outerwear-vm/fashion-outerwear-vm-jacket/228796201-black
58,https://www.veromoda.in/fashion-vm/fashion-outerwear-vm/fashion-outerwear-vm-jacket/228796202-medium-blue-denim
59,https://www.veromoda.in/fashion-vm/fashion-outerwear-vm/fashion-outerwear-vm-jacket/228796301-black
60,https://www.veromoda.in/fashion-vm/fashion-outerwear-vm/fashion-outerwear-vm-jacket/228796302-medium-blue-denim
61,https://www.veromoda.in/fashion-vm/fashion-outerwear-vm/fashion-outerwear-vm-jacket/228796304-bright-white
62,https://www.veromoda.in/fashion-vm/fashion-outerwear-vm/fashion-outerwear-vm-jacket/211489001-snow-white
63,https://www.veromoda.in/fashion-vm/fashion-outerwear-vm/fashion-outerwear-vm-jacket/212859402
64,https://www.veromoda.in/fashion-vm/fashion-outerwear-vm/fashion-outerwear-vm-jacket/216966201-bright-white
65,https://www.veromoda.in/fashion-vm/fashion-outerwear-vm/fashion-outerwear-vm-jacket/216671703-snow-white
66,https://www.veromoda.in/fashion-vm/fashion-outerwear-vm/fashion-outerwear-vm-jacket/234094901-tobacco%20brown
67,https://www.veromoda.in/fashion-vm/fashion-outerwear-vm/fashion-outerwear-vm-jacket/241062701-ivy-green
68,https://www.veromoda.in/fashion-vm/fashion-outerwear-vm/fashion-outerwear-vm-jacket/241062702-night-sky
69,https://www.veromoda.in/fashion-vm/fashion-outerwear-vm/fashion-outerwear-vm-jacket/250807501-black
70,https://www.veromoda.in/fashion-vm/fashion-outerwear-vm/fashion-outerwear-vm-jacket/211155501-snow-white
71,https://www.veromoda.in/fashion-vm/fashion-outerwear-vm/fashion-outerwear-vm-jacket/211134901-medium-blue-denim
72,https://www.veromoda.in/fashion-vm/fashion-outerwear-vm/fashion-outerwear-vm-jacket/229259501-silver-mink
73,https://www.veromoda.in/fashion-vm/fashion-outerwear-vm/fashion-outerwear-vm-jacket/210890801-amber-gold
74,https://www.veromoda.in/fashion-vm/fashion-outerwear-vm/fashion-outerwear-vm-jacket/212914402-pine-grove
75,https://www.veromoda.in/fashion-vm/fashion-outerwear-vm/fashion-outerwear-vm-jacket/211478301-birch
76,https://www.veromoda.in/fashion-vm/fashion-outerwear-vm/fashion-outerwear-vm-jacket/211287002-night-sky
77,https://www.veromoda.in/fashion-vm/fashion-outerwear-vm/fashion-outerwear-vm-jacket/231498403-old-rose
78,https://www.veromoda.in/fashion-vm/fashion-outerwear-vm/fashion-outerwear-vm-jacket/211134902-black
79,https://www.veromoda.in/fashion-vm/fashion-outerwear-vm/fashion-outerwear-vm-jacket/208367207-tan
80,https://www.veromoda.in/fashion-vm/fashion-outerwear-vm/fashion-outerwear-vm-jacket/216966102-light-blue-denim
81,https://www.veromoda.in/fashion-vm/fashion-outerwear-vm/fashion-outerwear-vm-jacket/211280301-birch
82,https://www.veromoda.in/fashion-vm/fashion-outerwear-vm/fashion-outerwear-vm-jacket/212919402-emperador
83,https://www.veromoda.in/fashion-vm/fashion-outerwear-vm/fashion-outerwear-vm-jacket/212788101
84,https://www.veromoda.in/fashion-vm/fashion-outerwear-vm/fashion-outerwear-vm-jacket/212859302
85,https://www.veromoda.in/fashion-vm/fashion-outerwear-vm/fashion-outerwear-vm-jacket/213176302
86,https://www.veromoda.in/fashion-vm/fashion-outerwear-vm/fashion-outerwear-vm-jacket/218278102-black
87,https://www.veromoda.in/fashion-vm/fashion-outerwear-vm/fashion-outerwear-vm-jacket/216671701-harbor-gray
88,https://www.veromoda.in/fashion-vm/fashion-outerwear-vm/fashion-outerwear-vm-jacket/216671702-lotus
89,https://www.veromoda.in/fashion-vm/fashion-outerwear-vm/fashion-outerwear-vm-jacket/216671102-ivy-green
90,https://www.veromoda.in/fashion-vm/fashion-outerwear-vm/fashion-outerwear-vm-jacket/167784702-ponderosa-pine
91,https://www.veromoda.in/fashion-vm/fashion-outerwear-vm/fashion-outerwear-vm-jacket/252385903-port-royale
92,https://www.veromoda.in/fashion-vm/fashion-outerwear-vm/fashion-outerwear-vm-jacket/215305401-black
93,https://www.veromoda.in/fashion-vm/fashion-outerwear-vm/fashion-outerwear-vm-jacket/215305407-port-royale
94,https://www.veromoda.in/fashion-vm/fashion-outerwear-vm/fashion-outerwear-vm-jacket/229259701-silver-mink
95,https://www.veromoda.in/fashion-vm/fashion-outerwear-vm/fashion-outerwear-vm-jacket/117687801-ponderosa-pine
96,https://www.veromoda.in/fashion-vm/fashion-outerwear-vm/fashion-outerwear-vm-jacket/255443801-tan
